Restaurant ID,Restaurant Name,City,Address,Longitude,Latitude,Cuisines,Average Cost for two,Price range,Aggregate rating,Rating color,Rating text,Votes
17284404,Austin's BBQ and Oyster Bar,Albany,"2820 Meredyth Dr, Albany, GA 31707",-84.221535,31.610387,"BBQ, Burger, Seafood",25,2,3.3,Orange,Average,35
17284203,BJ's Country Buffet,Albany,"2401 Dawson Rd, Albany, GA 31707",-84.207095,31.608743,"American, BBQ",10,1,3.3,Orange,Average,25
17284105,Cookie Shoppe,Albany,"115 N Jackson St, Albany, GA 31701",-84.154,31.5772,,0,1,3.4,Orange,Average,34
17284302,El Vaquero Mexican Restaurant,Albany,"2700 Dawson Rd, Albany, GA 31707",-84.2194,31.6158,Mexican,0,1,3.4,Orange,Average,45
17284397,Elements Coffee Co - Northwest,Albany,"2726 Ledo Rd Ste 10, Albany, GA 31707",-84.206944,31.622412,"Coffee and Tea, Sandwich",10,1,3.4,Orange,Average,26
17284211,Pearly's Famous Country Cookng,Albany,"814 N Slappey Blvd, Albany, GA 31701",-84.1759,31.5882,,0,1,3.4,Orange,Average,36
17284094,Chick-fil-A,Albany,"2703 Dawson Rd, Albany, GA 31707",-84.2193,31.616,Fast Food,10,1,3.5,Yellow,Good,67
17284409,Guang Zhou Chinese Restaurant,Albany,"1214 N Westover Blvd, Albany, GA 31707",-84.2091458,31.6155186,"Asian, Chinese, Vegetarian",10,1,3.9,Yellow,Good,141
17284139,Harvest Moon,Albany,"2347 Dawson Road, Albany, GA 31707",-84.205718,31.604905,"Pizza, Bar Food, Sandwich",25,2,3.7,Yellow,Good,147
17284403,Henry Campbell's Steakhouse,Albany,"629 N. Westover Blvd, Albany, GA 31707",-84.223278,31.612121,"Steak, Tapas, Bar Food",70,4,3.5,Yellow,Good,51
17284145,Hong Kong Cafe,Albany,"2700 Dawson Rd, Albany, GA 31707",-84.2191,31.6156,"Chinese, Seafood, Vegetarian",25,2,3.6,Yellow,Good,88
17284150,House of China Restaurant II,Albany,"2526 Dawson Rd Ste A, Albany, GA 31707",-84.212,31.6104,Chinese,10,1,3.8,Yellow,Good,153
17284158,Jimmie's Hot Dogs,Albany,"204 S Jackson St, Albany, GA 31701",-84.1534,31.5751,,10,1,3.9,Yellow,Good,160
17284175,Locos Grill & Pub,Albany,"547 N Westover Blvd, Albany, GA 31707",-84.2228,31.6077,"American, Burger, Sandwich",25,2,3.5,Yellow,Good,57
17284179,Longhorn Steakhouse,Albany,"2733 Dawson Rd, Albany, GA 31707",-84.2229,31.6185,"American, Steak",25,2,3.5,Yellow,Good,58
17284197,Mikata Japanese Steakhouse,Albany,"2610 Dawson Rd, Albany, GA 31707",-84.2164,31.6137,"Japanese, Steak, Sushi",40,3,3.6,Yellow,Good,115
17284241,Shogun Japanese Steak House,Albany,"629 N Westover Blvd, Albany, GA 31707",-84.2233,31.6118,"Japanese, Steak, Sushi",40,3,3.5,Yellow,Good,51
17284390,The Catch Seafood Room & Oyster Bar,Albany,"2332 Whispering Pines Road, Albany, GA 31707",-84.205025,31.605882,"Seafood, Tapas, Bar Food",40,3,3.8,Yellow,Good,250
17284279,Villa Gargano,Albany,"1604 N Slappey Blvd, Albany, GA 31701",-84.1757,31.5985,"Italian, Pizza",10,1,3.7,Yellow,Good,117
17284364,3 Squares Diner,Albany,"202 W Franklin St, Sylvester, GA 31791",-83.8389,31.5308,"American, Breakfast, Diner",10,1,3.4,Orange,Average,20
17293281,Last Resort Grill,Athens,"184 W Clayton St, Athens, GA 30601",-83.378273,33.957999,"American, Southern, Southwestern",40,3,4.5,Dark Green,Excellent,1821
17293301,Mama's Boy Restaurant,Athens,"197 Oak St, GA 30601",-83.3654,33.9535,Southern,10,1,4.5,Dark Green,Excellent,849
17293409,Sr. Sol 1,Athens,"175 Tallassee Rd, Athens, GA 30606",-83.4293,33.9652,Mexican,10,1,4.6,Dark Green,Excellent,917
17293163,Choo Choo Eastside,Athens,"1055 Gaines School Rd Ste 100, Athens, GA 30605",-83.3389,33.9259,"Japanese, Korean",10,1,3.9,Yellow,Good,439
17293228,The Grill,Athens,"171 College Ave, Athens, GA 30601",-83.375523,33.958198,"Breakfast, Burger, Sandwich",10,1,3.7,Yellow,Good,289
17293880,Big City Bread Cafe,Athens,"393 N Finley St, Athens, GA 30601",-83.384004,33.959392,"Breakfast, Sandwich",10,1,4.3,Green,Very Good,558
17293169,Clocked,Athens,"259 W Washington St, Athens, GA 30601",-83.3797,33.9584,"American, Burger, Sandwich",10,1,4.2,Green,Very Good,613
17293186,DePalma's Italian Cafe - Downtown,Athens,"401 E Broad St, Athens, GA 30601",-83.373596,33.958112,"American, Italian, Pizza",25,2,4,Green,Very Good,353
17293180,DePalma's Italian Cafe - East Side,Athens,"1965 Barnett Shoals Rd, Athens, GA 30605",-83.33995,33.924275,"American, Italian, Pizza",25,2,4.1,Green,Very Good,387
17293205,Five & Ten,Athens,"1073 South Milledge Ave, Athens, GA 30605",-83.3872482,33.9415545,American,40,3,4.3,Green,Very Good,755
17293229,Grit,Athens,"199 Prince Ave, Athens, GA 30601",-83.381625,33.960112,"International, Southern, Vegetarian",10,1,4.2,Green,Very Good,800
17293897,Ike & Jane,Athens,"1307 Prince Ave, Athens, GA 30606",-83.400887,33.963296,Sandwich,10,1,4.1,Green,Very Good,350
17293273,La Dolce Vita Ristorante,Athens,"323 E Broad St, Athens, GA 30601",-83.4075,33.9584,Italian,40,3,4.1,Green,Very Good,464
17293870,Shokitini,Athens,"251 W Clayton St, Athens, GA 30601",-83.379251,33.957503,"Asian, Japanese, Sushi",25,2,4.2,Green,Very Good,550
17293877,Taqueria Del Sol,Athens,"334 Prince Ave, Athens, GA 30601",-83.383605,33.960571,"Mexican, Spanish",10,1,4.1,Green,Very Good,543
17293890,The National,Athens,"232 W. Hancock Ave., Athens, GA 30601",-83.37967,33.959468,"International, Southern",40,3,4.1,Green,Very Good,465
17293915,The Royal Peasant,Athens,"1675 S. Lumpkin St., Athens, GA 30606",-83.38728,33.937502,Bar Food,10,1,4.4,Green,Very Good,546
17293422,Transmetropolitan,Athens,"145 E Clayton St, Athens, GA 30601",-83.3764,33.9584,"Italian, Pizza, Sandwich",10,1,4.4,Green,Very Good,1098
17293873,Trappeze Pub,Athens,"269 N Hull St, Athens, GA 30601",-83.378881,33.958363,"Burger, Bar Food",25,2,4.2,Green,Very Good,579
17294014,Viva! Argentine Cuisine,Athens,"247 Prince Ave, Athens, GA 30601",-83.3828224,33.9600227,"Desserts, Latin American, Argentine",10,1,4.1,Green,Very Good,374
17294556,Miyabi Kyoto Japanese Steak House,Augusta,"1315 Augusta West Pkwy, Augusta, GA 30909",-82.0865,33.4721,"Chinese, Steak",40,3,4.6,Dark Green,Excellent,717
17294607,Rae's Coastal Cafe,Augusta,"3208 W Wimbledon Dr, Augusta, GA 30909",-82.0698,33.4791,"American, Caribbean, Seafood",40,3,4.9,Dark Green,Excellent,548
17294279,The Bee's Knees,Augusta,"211 10th Street, Augusta, GA 30901",-81.97,33.4765,"International, Tapas, Vegetarian",25,2,4.5,Dark Green,Excellent,631
17294300,Boll Weevil Cafe,Augusta,"10 9th St, Augusta, GA 30901",-81.9684,33.474,"Desserts, Sandwich, Southern",10,1,3.9,Yellow,Good,372
17295215,Farmhaus Burger,Augusta,"1204 Broad St, Augusta, GA 30901",-81.973006,33.477444,"American, Burger",25,2,3.9,Yellow,Good,201
17295028,Manuel's Bread Cafe,Augusta,"505 Railroad Ave, North Augusta, GA 29841",-81.965571,33.481779,"Breakfast, French",40,3,3.8,Yellow,Good,332
17294642,Sconyers Bar B Que,Augusta,"2250 Sconyers Way, Augusta, GA 30906",-82.0327,33.4086,BBQ,25,2,3.5,Yellow,Good,304
17295109,Frog Hollow Tavern,Augusta,"1282 broad street, Augusta, GA 30901",-81.974944,33.478231,American,40,3,4.3,Green,Very Good,368
17294441,Giuseppe's Pizza & Italian Specialities,Augusta,"3690 Wheeler Rd, Augusta, GA 30909",-82.096,33.4827,"Desserts, Italian, Pizza",25,2,4.1,Green,Very Good,430
17294552,Mellow Mushroom,Augusta,"1167 Broad St, Augusta, GA 30901",-81.9721,33.4778,"Italian, Pizza, Sandwich",25,2,4.4,Green,Very Good,433
17294565,Nacho Mamas Burritos,Augusta,"976 Broad St, Augusta, GA 30901",-81.9694,33.4764,Mexican,10,1,4,Green,Very Good,380
17294623,Rhinehart's Oyster Bar,Augusta,"3051 Washington Rd, Augusta, GA 30907",-82.0505,33.5133,"Bar Food, Sandwich, Seafood",25,2,4,Green,Very Good,456
17294712,Takosushi,Augusta,"437 Highland Ave, Augusta, GA 30909",-82.0301,33.4848,"Mexican, Southwestern, Sushi",40,3,4.2,Green,Very Good,647
17295033,The Chop House,Augusta,"Augusta Mall, Augusta, GA 30909",-82.080788,33.467201,Steak,40,3,4,Green,Very Good,360
17295069,The Taj of India,Augusta,"502 Furys Ferry Rd, Augusta, GA 30907",-82.0805493,33.5375868,Indian,25,2,4,Green,Very Good,227
17294261,Augsburg Haus,Augusta,"4460 Washington Road, Evans, GA 30809",-82.143793,33.544342,German,25,2,3.9,Yellow,Good,290
17295115,Pho Bac,Augusta,"4300 Towne Centre, Evans, GA 30809",-82.126161,33.532249,Vietnamese,10,1,4.1,Green,Very Good,270
17294836,Rhinehart's Oyster Bar,Augusta,"303 North Bel Air Rd, Evans, GA 30809",-82.141284,33.521291,"Burger, Seafood",25,2,4,Green,Very Good,326
17294850,Thai Kitchen,Augusta,"4357 Washington Road, Evans, GA 30809",-82.1328,33.5406,Thai,35,3,4.3,Green,Very Good,317
17294883,El Kiosco Mexican Restaurant,Augusta,"5174 Wrightsboro Rd, Grovetown, GA 30813",-82.1997,33.4574,Mexican,10,1,4.2,Green,Very Good,300
17303465,Bardenay,Boise,"610 W Grove St, Boise, ID 83702",-116.2019,43.6138,"American, Bar Food",25,2,4.5,Dark Green,Excellent,879
17303642,Flatbread Neapolitan Pizzeria,Boise,"800 W Main Suite 230, Boise, ID 83702",-116.203466,43.616068,"Italian, Pizza",25,2,4.6,Dark Green,Excellent,615
17303670,Goldy's Breakfast Bistro,Boise,"108 S Capitol Blvd, Boise, ID 83702",-116.2023,43.6149,"Breakfast, Sandwich",25,2,4.5,Dark Green,Excellent,879
17303545,Chandlers Steakhouse,Boise,"981 W Grove St, Boise, ID 83702",-116.2064,43.6157,"American, Seafood, Steak",70,4,3.9,Yellow,Good,379
17303655,Bar Gernika Basque Pub & Eatery,Boise,"202 S Capitol Blvd, Boise, ID 83702",-116.2031,43.614,"European, Spanish",10,1,4.3,Green,Very Good,303
17304691,Barbacoa Restaurant,Boise,"276 Bobwhite Ct, Boise, ID 83706",-116.185034,43.597235,"Latin American, Steak",70,4,4.1,Green,Very Good,538
17303478,Big Jud's,Boise,"1289 Protest Rd, Boise, ID 83706",-116.2062,43.5945,"American, Burger, Sandwich",10,1,4.2,Green,Very Good,334
17303480,Bittercreek Ale House,Boise,"246 N 8th St, Boise, ID 83702",-116.2022,43.6167,"American, Bar Food",25,2,4.3,Green,Very Good,555
17304733,Boise Fry Company,Boise,"204 N Capitol Blvd, Boise, ID 83702",-116.193409,43.610279,"American, Burger",10,1,4.4,Green,Very Good,823
17303646,Flying Pie Pizzaria,Boise,"6508 W Fairview Ave, Boise, ID 83704",-116.2625,43.6192,Pizza,25,2,4.1,Green,Very Good,550
17304929,Fork,Boise,"199 N 8th St, Boise, ID 83702",-116.202845,43.616295,"American, Burger",25,2,4.4,Green,Very Good,650
17303684,Guido's Original New York Style Pizza,Boise,"235 N 5th St, Boise, ID 83702",-116.199,43.615,Pizza,10,1,4.3,Green,Very Good,410
17303772,Los Beto's,Boise,"5220 W Fairview Ave, Boise, ID 83706",-116.2463,43.6191,Mexican,10,1,4.4,Green,Very Good,660
17305123,Lucianos Italian Restaurant,Boise,"11 N Orchard St, Boise, ID 83706",-116.245165,43.6051379,"Italian, Seafood, Vegetarian",25,2,4.4,Green,Very Good,360
17303787,Mai Thai Restaurant,Boise,"750 W Idaho St, Boise, ID 83702",-116.2021,43.6162,"Sushi, Thai",40,3,4,Green,Very Good,340
17303990,Shige Japanese Cuisine,Boise,"100 N 8th St, Boise, ID 83702",-116.2031,43.6156,"Japanese, Sushi, Teriyaki",25,2,4.1,Green,Very Good,393
17304741,The Egg Factory,Boise,"8061 W Fairview Ave, Boise, ID 83704",-116.281809,43.619274,Breakfast,10,1,4.3,Green,Very Good,422
17304726,Tucanos,Boise,"1388 S Entertainment Ave, Boise, ID 83709",-116.280614,43.591706,Brazilian,40,3,4,Green,Very Good,435
17304486,Texas Roadhouse,Boise,"3801 E Fairview Avenue, Meridian, Boise, ID 83642",-116.347304,43.619108,"American, BBQ, Steak",25,2,4,Green,Very Good,369
17304533,Brick 29,Boise,"320 11th Avenue S, Nampa, ID 83651",-116.5629,43.5777,American,40,3,4.4,Green,Very Good,487
17316233,Winifreds,Cedar Rapids/Iowa City,"3847 1st Ave SE, Cedar Rapids, IA 52402",-91.6336,42.0179,"American, Mediterranean, Seafood",40,3,3.7,Yellow,Good,98
17315883,Biaggi's Ristorante Italiano,Cedar Rapids/Iowa City,"320 Collins Rd NE, Cedar Rapids, IA 52402",-91.6327,42.0281,"Italian, Pizza",40,3,4.1,Green,Very Good,365
17315995,El Super Burrito,Cedar Rapids/Iowa City,"3300 Johnson Ave NW, Cedar Rapids, IA 52405",-91.7148,41.9748,Mexican,10,1,4.1,Green,Very Good,190
17316018,Granite City Food & Brewery,Cedar Rapids/Iowa City,"4755 1st Ave SE, Cedar Rapids, IA 52402",-91.6224,42.0249,"American, Breakfast, Burger",40,3,4.1,Green,Very Good,429
17316038,Irish Democrat,Cedar Rapids/Iowa City,"3207 1st Ave SE, Cedar Rapids, IA 52402",-91.6347,42.01,"American, BBQ, Burger",25,2,4.4,Green,Very Good,430
17316771,Taste of India,Cedar Rapids/Iowa City,"1060 Old Marion Rd NE, Cedar Rapids, IA 52402",-91.6499622,42.0215347,Indian,25,2,4.2,Green,Very Good,186
17316201,Thai Moon Restaurant,Cedar Rapids/Iowa City,"4362 16th Ave SW, Cedar Rapids, IA 52404",-91.7266,41.9639,"Chinese, Sushi, Thai",10,1,4.2,Green,Very Good,220
17316208,Ting's Red Lantern,Cedar Rapids/Iowa City,"540 Boyson Rd NE, Cedar Rapids, IA 52402",-91.6394,42.0468,Chinese,10,1,4.2,Green,Very Good,347
17316389,Monica's,Cedar Rapids/Iowa City,"303 2nd Street, Coralville, IA 52241",-91.569767,41.670466,"American, Italian, Pizza",25,2,3.8,Yellow,Good,161
17316278,Exotic India,Cedar Rapids/Iowa City,"102 2nd Ave, Coralville, IA 52241",-91.5687,41.6685,Indian,25,2,4.1,Green,Very Good,160
17316744,Shorts Burger and Shine,Cedar Rapids/Iowa City,"18 S Clinton St, Iowa City, IA 52240",-91.534424,41.660982,Burger,10,1,4.9,Dark Green,Excellent,820
17316751,The Hamburg Inn No. 2 Inc.,Cedar Rapids/Iowa City,"214 N Linn St, Iowa City, IA 52245",-91.531414,41.663849,"American, Breakfast, Burger",10,1,4.5,Dark Green,Excellent,488
17316766,Bluebird Diner,Cedar Rapids/Iowa City,"330 E Market St, Iowa City, IA 52245",-91.531093,41.663751,"Breakfast, Diner",25,2,3.6,Yellow,Good,253
17316743,Graze,Cedar Rapids/Iowa City,"115 East College St, Iowa City, IA 52240",-91.534302,41.658691,"American, International, Sushi",40,3,3.8,Yellow,Good,220
17316374,A & A Pagliai's Pizza,Cedar Rapids/Iowa City,"302 E Bloomington St, Iowa City, IA 52245",-91.5314,41.6648,Pizza,25,2,4.3,Green,Very Good,485
17316381,Atlas World Grill,Cedar Rapids/Iowa City,"127 Iowa Ave, Iowa City, IA 52240",-91.5341,41.661,International,40,3,4.3,Green,Very Good,428
17316802,BlackStone,Cedar Rapids/Iowa City,"503 Westbury Dr Ste 1, Iowa City, IA 52245",-91.482165,41.667742,"American, Breakfast",25,2,4.1,Green,Very Good,294
17316416,Devotay,Cedar Rapids/Iowa City,"117 N Linn St, Iowa City, IA 52245",-91.5318,41.6625,"Mediterranean, Tapas, Vegetarian",40,3,4,Green,Very Good,380
17316449,Jimmy Jack's Rib Shack,Cedar Rapids/Iowa City,"1940 Lower Muscatine Rd, Iowa City, IA 52240",-91.5074,41.6428,BBQ,25,2,4.2,Green,Very Good,259
17316603,Zoeys Pizzeria,Cedar Rapids/Iowa City,"690 10th St, Marion, IA 52302",-91.5995,42.0331,"Pizza, Sandwich",25,2,4.7,Dark Green,Excellent,433
17558684,Berry Patch Restaurant,Clatskanie,"49289 Us-30, Westport, OR 97016",-123.368151,46.126967,"American, Breakfast, Desserts",10,1,4.3,Green,Very Good,96
18366580,Sakura Sushi & Grill,Cochrane,"130 Quarry Street, Unit 20, Cochrane, AB T4C 0W5",-114.472474,51.183934,"Asian, Japanese",25,2,3.1,Orange,Average,6
17330755,Uptown Vietnam cuisine,Columbus,"1250 Broadway, Columbus, GA 31901",-84.992671,32.470315,"Asian, Vietnamese",10,1,3.3,Orange,Average,33
17330611,Cafe Le Rue @ The Landings,Columbus,"2523 Airport Thruway, Columbus, GA 31904",-84.95591,32.519247,"American, Seafood, Cajun",25,2,4.6,Dark Green,Excellent,489
17330609,Mark's City Grille,Columbus,"7160 moon road, Columbus, GA 31909",-84.927047,32.555591,American,25,2,4.5,Dark Green,Excellent,345
17330024,B Merrell's,Columbus,"7600 Veterans Pkwy, Columbus, GA 31909",-84.9436,32.5577,"Burger, Bar Food, Southern",25,2,3.8,Yellow,Good,149
17330074,Cannon Brewpub,Columbus,"1041 Broadway, Columbus, GA 31901",-84.9936,32.4656,"Pizza, Bar Food",25,2,3.9,Yellow,Good,330
17330185,Fuji Japanese Steak House,Columbus,"6499 Veterans Pkwy, Columbus, GA 31909",-84.954984,32.5382197,"Japanese, Steak",40,3,3.9,Yellow,Good,247
17330397,Ruth Ann's Family Restaurant,Columbus,"941 Veterans Parkway, Columbus, GA 31901",-84.9876,32.4637,"Breakfast, Diner, Southern",10,1,3.7,Yellow,Good,123
17330735,Samurai Japanese Cuisine & Sushi Bar,Columbus,"1009 Broadway, Columbus, GA 31901",-84.9933631,32.4652417,"Japanese, Steak, Sushi",40,3,3.6,Yellow,Good,109
17330676,Wasabi Sushi and Thai,Columbus,"1639 Bradley Park Dr, Columbus, GA 31904",-84.96661,32.534002,"Japanese, Sushi, Thai",40,3,3.7,Yellow,Good,134
17330048,Buckhead Bar and Grill,Columbus,"5010 Armour Rd, Columbus, GA 31904",-84.95367,32.513154,"Seafood, Steak, Vegetarian",40,3,4.2,Green,Very Good,722
17330604,Burt's Butcher Shoppe and Eatery,Columbus,"2932 Warm Springs Rd, Columbus, GA 31909",-84.947569,32.504657,Steak,25,2,4.3,Green,Very Good,213
17330087,Chef Lee's Peking Restaurant,Columbus,"6100 Bradley Park Dr, Columbus, GA 31904",-84.9607,32.5393,Chinese,25,2,4,Green,Very Good,335
17330137,Country's Barbecue,Columbus,"3137 Mercury Dr, Columbus, GA 31906",-84.9464,32.4792,"BBQ, Southern",25,2,4,Green,Very Good,353
17330155,Deorio's,Columbus,"3201 Macon Rd Ste 167, Columbus, GA 31906",-84.9427,32.481,"Italian, Pizza",0,1,4,Green,Very Good,170
17330309,Mellow Mushroom,Columbus,"6100 Veterans Pkwy, Columbus, GA 31909",-84.9557,32.5321,Pizza,25,2,4.1,Green,Very Good,192
17330311,Meritage,Columbus,"1039 1st Ave, Columbus, GA 31901",-84.992093,32.466158,"American, Tapas",40,3,4.1,Green,Very Good,302
17330615,Mongo The Mongolian Fire Pit,Columbus,"7830 - E Veterans Pkwy, Columbus, GA 31909",-84.938698,32.560905,"Asian, Chinese",10,1,4.2,Green,Very Good,355
17330638,The Black Cow,Columbus,"115 A 12th St, Columbus, GA 31901",-84.991384,32.468757,American,25,2,4.3,Green,Very Good,287
17330628,Wood Stone,Columbus,"5739 Whitesville Rd, Columbus, GA 31904",-84.963201,32.527217,"Italian, Mediterranean, Pizza",40,3,4,Green,Very Good,264
17330546,Hunter's Pub,Columbus,"11269 GA Hwy 219, Hamilton, GA 31811",-85.0213,32.7455,"American, Seafood, Steak",40,3,4.4,Green,Very Good,235
17334434,Thatcher's Barbeque and Grill,Dalton,"1214 N Wall St, Calhoun, GA 30701",-84.9396931,34.5251331,"American, BBQ, Southern",25,2,3.7,Yellow,Good,38
17334348,Christian and Jake's Bistro,Dalton,"555 Georgia Hwy 53, Calhoun, GA 30701",-84.926258,34.474635,"Desserts, Sandwich",10,1,4.4,Green,Very Good,122
17334213,Dub's High on the Hog,Dalton,"349 S Wall St, Calhoun, GA 30701",-84.9523921,34.4972488,BBQ,25,2,4.4,Green,Very Good,207
17334355,Sierra's Mexican Restaurant,Dalton,"500 S. 3rd Avenue, Chatsworth, GA 30705",-84.767911,34.752476,"Mexican, Tex-Mex",10,1,3.9,Yellow,Good,66
17334212,Oakwood Cafe,Dalton,"201 West Cuyler Street, Dalton, GA 30720",-84.969393,34.769686,"BBQ, Breakfast, Southern",10,1,4.9,Dark Green,Excellent,249
17333797,Chili's Grill & Bar,Dalton,"881 College Dr, Dalton, GA 30720",-85.0039,34.7643,American,25,2,3.8,Yellow,Good,63
17334217,Fuji Japanese Steakhouse,Dalton,"1321 W Walnut Ave, Dalton, GA 30720",-84.992342,34.759551,"Japanese, Sushi",40,3,3.8,Yellow,Good,145
17334273,Las Palmas,Dalton,"1331 W Walnut Ave, Dalton, GA 30720",-84.992924,34.759665,Mexican,10,1,3.8,Yellow,Good,83
17334254,Tony's Italian Restaurant & Pizza,Dalton,"933 Market St, Dalton, GA 30720",-84.999678,34.758645,Italian,25,2,3.7,Yellow,Good,116
17333836,Filling Station,Dalton,"316 N Hamilton St, Dalton, GA 30720",-84.9678,34.7742,"American, Burger",10,1,4.1,Green,Very Good,122
17334197,Five Guys Burgers and Fries,Dalton,"1303 W. Walnut Ave., Dalton, GA 30720",-84.990925,34.759273,Fast Food,10,1,4.1,Green,Very Good,142
17333882,Los Pablos,Dalton,"1513 W Walnut Ave Ste 6, Dalton, GA 30720",-84.9964,34.7604,Mexican,10,1,4.1,Green,Very Good,114
17334211,Kobe Hibachi & Sushi,Dalton,"2603 Battlefield Pkwy, Fort Oglethorpe, GA 30742",-85.2229101,34.9428786,"American, Japanese, Sushi",25,2,4.6,Dark Green,Excellent,214
17334390,Soho Hibachi,Dalton,"1014 Battlefield Parkway, Fort Oglethorpe, GA 30742",-85.246237,34.9528157,Japanese,10,1,4.3,Green,Very Good,116
17334034,Thai Garden,Dalton,"685 Battlefield Pkwy, Fort Oglethorpe, GA 30742",-85.2545,34.9546,Thai,25,2,4.2,Green,Very Good,111
17334414,Southern Bliss Bakery,Dalton,"300 W Patton St., Lafayette, GA 30728",-85.294955,34.705093,"Desserts, Sandwich",10,1,3.7,Yellow,Good,25
17334082,Bailey's Bar-B-Que,Dalton,"5540 Highway 41, Ringgold, GA 30736",-85.1321,34.9273,BBQ,10,1,4.1,Green,Very Good,128
17334364,Farm To Fork,Dalton,"118 Remco Shops Lane, Ringgold, GA 30736",-85.130492,34.912109,"American, Diner, Southern",10,1,4.3,Green,Very Good,244
17334398,Home Plate Grill,Dalton,"7807 Nashville St, Ringgold, GA 30736",-85.1079396,34.9151853,"American, BBQ, Southern",10,1,4.2,Green,Very Good,112
17334219,Pie Slingers Pizzeria,Dalton,"56A Fieldstone Village Drive, Rock Spring, GA 30739",-85.249727,34.851907,"Italian, Pizza",10,1,4.1,Green,Very Good,144
17335173,Olive Tree Cafe,Davenport,"2513 53rd Avenue, Bettendorf, IA 52722",-90.496986,41.574935,"Indian, Mediterranean, Middle Eastern",25,2,4.6,Dark Green,Excellent,166
17335195,"Red Ginger Sushi, Grill & Bar",Davenport,"793 Middle Rd, Bettendorf, IA 52722",-90.522479,41.53845,"Sushi, Teriyaki",40,3,4.5,Dark Green,Excellent,208
17335225,Crust Stone Oven Pizza,Davenport,"2561 E 53rd Ave, Bettendorf, IA 52722",-90.4912446,41.5747801,"Burger, Pizza",25,2,3.9,Yellow,Good,136
17335219,Jimmy's Pancake House,Davenport,"2521 - 18th St., Bettendorf, IA 52722",-90.504176,41.548746,"American, Breakfast, Greek",10,1,4,Green,Very Good,85
17334965,Trattoria Tiramisu,Davenport,"1804 State St, Bettendorf, IA 52722",-90.50709,41.525384,Italian,25,2,4.1,Green,Very Good,117
17335189,Prairie Grille at SteepleGate Inn,Davenport,"100 W 76th St, Davenport, IA 52806",-90.574088,41.593892,"American, Breakfast",25,2,3.4,Orange,Average,53
17335156,Tantra Asian Bistro,Davenport,"589 East 53rd St, Davenport, IA 52807",-90.565837,41.574459,Asian,25,2,4.9,Dark Green,Excellent,474
17334717,Chick-fil-A,Davenport,"320 W Kimberly Rd, Davenport, IA 52806",-90.5716,41.5604,Fast Food,10,1,3.9,Yellow,Good,125
17334752,Duck City Bistro,Davenport,"115 E 3rd St, Davenport, IA 52801",-90.5737,41.5223,"American, French",70,4,3.7,Yellow,Good,201
18453427,Frick's Tap,Davenport,"1402 W 3rd Street, IA 52802",-90.59466452,41.52253634,"American, Bar Food, BBQ",25,2,0,White,Not rated,2
17793744,Los Agaves,Davenport,"4882 Utica Ridge Rd, Davenport, IA 52807",-90.5154313,41.5709434,Mexican,25,2,0,White,Not rated,3
17334679,Azteca,Davenport,"4811 N Brady St Ste 3, Davenport, IA 52806",-90.5683,41.5699,Mexican,0,1,4.3,Green,Very Good,167
17334718,China Cafe,Davenport,"3018 E 53rd St, Davenport, IA 52807",-90.5321,41.5749,Chinese,25,2,4,Green,Very Good,112
17334763,Exotic Thai Restaurant,Davenport,"2303 E 53rd St, Davenport, IA 52807",-90.5432,41.5747,Thai,25,2,4.1,Green,Very Good,256
17335158,Front Street Brewery,Davenport,"208 E River Dr, Davenport, IA 52801",-90.572418,41.520389,American,10,1,4.3,Green,Very Good,123
17334782,Granite City Food & Brewery,Davenport,"5270 Utica Ridge Rd, Davenport, IA 52807",-90.5137,41.5745,American,25,2,4,Green,Very Good,199
17334846,Los Agaves,Davenport,"3852 N Brady St, Davenport, IA 52806",-90.5686,41.559,Mexican,25,2,4.1,Green,Very Good,157
17334853,Machine Shed Restaurant,Davenport,"7250 Northwest Blvd, Davenport, IA 52806",-90.6136,41.5944,American,25,2,4.1,Green,Very Good,100
17335168,Osaka,Davenport,"4901 Utica Ridge Rd, Davenport, IA 52807",-90.515175,41.570997,"Japanese, Sushi",40,3,4.2,Green,Very Good,141
17334958,Texas Roadhouse,Davenport,"4005 E 53rd Street, Davenport, IA 52807",-90.517,41.5747,"American, BBQ, Steak",25,2,4.2,Green,Very Good,197
17258496,Hickory Park,Des Moines,"1404 S Duff Ave, Ames, IA 50010",-93.610084,42.010254,"BBQ, Burger, Desserts",25,2,4.5,Dark Green,Excellent,1025
17259395,The Cafe,Des Moines,"2616 Northridge Pkwy, Ames, IA 50010",-93.643094,42.048779,"American, Coffee and Tea",25,2,4.9,Dark Green,Excellent,570
17258350,Flying Mango,Des Moines,"4345 Hickman Rd, Des Moines, IA 50310",-93.677638,41.614965,"BBQ, Caribbean, Cajun",40,3,4.5,Dark Green,Excellent,674
17258136,Cool Basil,Des Moines,"8801 University Ave, Clive, IA 50325",-93.739573,41.600564,"Asian, Sushi, Thai",25,2,4.1,Green,Very Good,496
17258522,HuHot Mongolian Grill,Des Moines,"4100 University Avenue, West Des Moines, IA 50266",-93.760027,41.60028,"Asian, Chinese",25,2,4,Green,Very Good,411
17259958,Malo,Des Moines,"900 Mulberry Street, Des Moines, IA 50309",-93.627896,41.583309,"Latin American, Mexican",25,2,3.2,Orange,Average,113
17258036,Centro,Des Moines,"1007 Locust St, Des Moines, IA 50309",-93.6300803,41.5857431,"Italian, Pizza",40,3,4.5,Dark Green,Excellent,1109
17259368,Fong's Pizza,Des Moines,"223 4th Street, Des Moines, IA 50309",-93.621631,41.585465,"Chinese, Pizza",25,2,4.6,Dark Green,Excellent,728
17257684,A Dong Restaurant,Des Moines,"1511 High Street, Des Moines, IA 50309",-93.637401,41.587219,"Asian, Vegetarian, Vietnamese, Bubble Tea",10,1,4.4,Green,Very Good,659
17258154,Court Avenue Brewing Company,Des Moines,"309 Court Ave, Des Moines, IA 50309",-93.620726,41.58536,"American, Pizza, Bar Food",40,3,4.2,Green,Very Good,370
17259340,Django,Des Moines,"210 10th Street, Des Moines, IA 50309",-93.629436,41.584027,French,40,3,4.3,Green,Very Good,532
17259243,Miyabi 9,Des Moines,"512 E Grand Ave, Des Moines, IA 50309",-93.611366,41.590819,"Japanese, Sushi",25,2,4.8,Dark Green,Excellent,860
17259625,Zombie Burger + Drink Lab,Des Moines,"300 E. Grand Ave., Des Moines, IA 50309",-93.61474,41.590106,"Burger, Desserts, Vegetarian",10,1,4.2,Green,Very Good,943
17259169,Tursi's Latin King,Des Moines,"2200 Hubbell Ave, Des Moines, IA 50317",-93.577383,41.601415,"American, Italian",70,4,4.1,Green,Very Good,476
17259166,Tsing Tsao South,Des Moines,"4230 Fleur Dr, Des Moines, IA 50321",-93.645245,41.545869,Chinese,10,1,4.1,Green,Very Good,218
17259335,Bandit Burrito,Des Moines,"5340 Merle Hay Road, Johnston, IA 50131",-93.6976773,41.6714654,"Breakfast, Mexican, Southwestern",10,1,4,Green,Very Good,214
17259248,Jethro's BBQ,Des Moines,"3100 Forest Ave, Des Moines, IA 50311",-93.659797,41.603901,"American, BBQ",25,2,4.3,Green,Very Good,699
17258552,The Machine Shed Restaurant,Des Moines,"11151 Hickman Road, Urbandale, IA 50322",-93.772033,41.615083,"American, Breakfast",25,2,3.8,Yellow,Good,308
17259550,Mi Patria,Des Moines,"1410 22nd St., West Des Moines, IA 50266",-93.73624,41.594039,Latin American,25,2,4,Green,Very Good,157
17259200,Waterfront Seafood Market,Des Moines,"2900 University Ave, West Des Moines, IA 50266",-93.7441981,41.5991771,"Seafood, Sushi",40,3,4.2,Green,Very Good,530
17342816,Burnt Toast Cafe,Dubuque,"1220 Iowa St, Dubuque, IA 52001",-90.667668,42.504759,Breakfast,10,1,3.4,Orange,Average,33
17342498,Catfish Charlie's,Dubuque,"1630 E 16th St, Dubuque, IA 52001",-90.6499328,42.5124724,Seafood,25,2,3.3,Orange,Average,40
17342648,Salsa's Mexican Restaurant,Dubuque,"1091 Main St, Dubuque, IA 52001",-90.6684746,42.5032004,Mexican,10,1,3.4,Orange,Average,153
17342781,Tony Roma's,Dubuque,"350 Bell St, Dubuque, IA 52001",-90.658609,42.496464,"American, BBQ, Seafood",25,2,3.3,Orange,Average,65
17342799,Vinny Vanucchi's,Dubuque,"180 Main Street, Dubuque, IA 52001",-90.664029,42.495689,Italian,25,2,3.4,Orange,Average,58
17342772,Champps Americana,Dubuque,"3100 Dodge St., Dubuque, IA 52003",-90.715247,42.492018,"American, Burger, Sandwich",25,2,3.5,Yellow,Good,100
17342771,Fiesta Cancun,Dubuque,"2515 NW Arterial, Dubuque, IA 52002",-90.740213,42.49092,Mexican,10,1,3.6,Yellow,Good,156
17342548,Happy Joe's Pizza & Ice Cream,Dubuque,"855 Century Dr, Dubuque, IA 52002",-90.7264,42.4955,"Desserts, Pizza, Ice Cream",0,1,3.5,Yellow,Good,74
17342556,Houlihan's,Dubuque,"1795 Greyhound Park Rd, Dubuque, IA 52001",-90.645294,42.516621,"American, Burger",25,2,3.6,Yellow,Good,117
17342811,Ichiban Hibachi Steakhouse & Sushi Bar,Dubuque,"3187 University Ave, Dubuque, IA 52001",-90.712084,42.492963,"Japanese, Steak, Sushi",40,3,3.7,Yellow,Good,83
17342576,Kalmes Breaktime Bar & Grill,Dubuque,"1097 Jackson St, Dubuque, IA 52001",-90.6646,42.5043,"American, Burger",25,2,3.6,Yellow,Good,48
17342770,L. May Eatery,Dubuque,"1072 Main St, Dubuque, IA 52001",-90.668164,42.503075,"International, Pizza",40,3,3.8,Yellow,Good,198
17342585,Los Aztecas,Dubuque,"2700 Dodge St, Dubuque, IA 52003",-90.7055,42.4916,Mexican,10,1,3.5,Yellow,Good,126
17342494,Manna Java World Cafe,Dubuque,"700 Locust St, Dubuque, IA 52001",-90.6677349,42.500191,"Breakfast, Pizza",10,1,3.5,Yellow,Good,119
17342594,Mario's Italian Restaurant,Dubuque,"1298 Main St, Dubuque, IA 52001",-90.6691,42.5048,"American, Italian",25,2,3.6,Yellow,Good,140
17342625,Pepper Sprout Incorporated,Dubuque,"378 Main St, Dubuque, IA 52001",-90.6651,42.4974,American,40,3,3.6,Yellow,Good,159
17342652,Shot Tower Inn,Dubuque,"290 Locust St, Dubuque, IA 52001",-90.6658,42.4963,"Italian, Pizza",25,2,3.6,Yellow,Good,131
17342665,Sunshine Family Restaurant,Dubuque,"401 Central Ave, Dubuque, IA 52001",-90.663686,42.4982789,"American, Breakfast, Burger",10,1,3.5,Yellow,Good,60
17342810,Watershed Cafe,Dubuque,"51 W 32nd Street, Dubuque, IA 52001",-90.684882,42.527556,"American, Burger, Pizza, Cafe",25,2,3.7,Yellow,Good,89
17342775,Woodfire Grille,Dubuque,"301 Bell Street, Dubuque, IA 52001",-90.658988,42.496378,"American, Seafood, Steak",70,4,3.6,Yellow,Good,72
17536645,Jehova es Mi Pastor Tacos y Burritos,Fernley,"135 W. Main Street, Fernley, NV 89408",-119.252694,39.607515,Mexican,10,1,3.7,Yellow,Good,83
17374405,Houndstooth Grill & Tavern,Gainesville,"6323 Grand Hickory Dr Ste 200A, Braselton, GA 30517",-83.8461,34.0901,"American, Sandwich, Seafood",25,2,4.4,Green,Very Good,239
17375060,Hawg Wild BBQ & Catfish House,Gainesville,"515 Grant Street, Clarkesville, GA 30523",-83.520693,34.61802,"BBQ, Burger, Seafood",10,1,4.1,Green,Very Good,235
17375164,Bourbon Street Grille,Gainesville,"90 Public Sq N, Dahlonega, GA 30533",-83.985353,34.532973,"American, Burger, Cajun",25,2,3.8,Yellow,Good,88
17374552,Corkscrew Cafe,Gainesville,"51 W Main St, Dahlonega, GA 30533",-83.9858,34.5318,,40,3,3.9,Yellow,Good,209
17375078,Smokin Gold BBQ,Gainesville,"59 E Main St, Dahlonega, GA 30533",-83.983939,34.533626,BBQ,10,1,3.9,Yellow,Good,133
17375049,Hoka-Hoka Japanese Steak & Sushi,Gainesville,"617 North Grove Street, Dahlonega, GA 30533",-83.989317,34.541044,"Chinese, Japanese, Thai",10,1,4.4,Green,Very Good,267
17375077,Shenanigan's Irish Pub,Gainesville,"87 N. Chestatee St., Dahlonega, GA 30533",-83.986119,34.533198,"Bar Food, Seafood, Vegetarian",25,2,4.1,Green,Very Good,171
17375141,Fish Tales Lakeside Grille,Gainesville,"6330 Mitchell Street, Flowery Branch, GA 30542",-83.938024,34.183573,Seafood,25,2,3.8,Yellow,Good,107
17375198,Antebellum,Gainesville,"5510 Church Street, Flowery Branch, GA 30542",-83.926217,34.185707,"American, Southern",40,3,4.3,Green,Very Good,164
17375180,Moonie's Texas Barbecue,Gainesville,"5545 Atlanta Highway, Flowery Branch, GA 30542",-83.927794,34.180043,"BBQ, Sandwich",10,1,4.1,Green,Very Good,182
17375072,Atlanta Highway Seafood Market,Gainesville,"227 Atlanta Highway Suite 900, Gainesville, GA 30501",-83.838457,34.285102,"Sandwich, Seafood, Cajun",25,2,4.9,Dark Green,Excellent,681
17375047,Eat at Thai,Gainesville,"975 Dawsonville Hwy, Gainesville, GA 30501",-83.857993,34.300182,Thai,10,1,4.6,Dark Green,Excellent,357
17375074,Smoke House BBQ and Catering,Gainesville,"3205 Atlanta Hwy, Atlanta Highway, Gainesville, GA, Gainesville, GA 30507",-83.860098,34.222755,BBQ,25,2,3.8,Yellow,Good,89
17374921,2 Dog,Gainesville,"317 Spring St SE, Gainesville, GA 30501",-83.824023,34.300567,"American, European, Sandwich",25,2,4.2,Green,Very Good,350
17374819,Longstreet Cafe,Gainesville,"1043 Riverside Terrace, Gainesville, GA 30501",-83.8272,34.3166,Southern,10,1,4.3,Green,Very Good,298
17375089,Re-Cess,Gainesville,"118 Bradford St NE, Gainesville, GA 30501",-83.82686,34.300332,"American, Southern",25,2,4.2,Green,Very Good,319
17375214,Bodensee,Gainesville,"64 Munich Strasse, Helen, GA 30545",-83.727741,34.701594,German,40,3,3.8,Yellow,Good,114
17374951,Hofer's Bakery & Cafe,Gainesville,"8758 N Main St, Helen, GA 30545",-83.7345,34.7024,"German, Ice Cream",10,1,3.9,Yellow,Good,136
17374978,Troll Tavern,Gainesville,"8590 N Main St Ste B, Helen, GA 30545",-83.7334,34.7021,"Burger, German, Sandwich",25,2,2.2,Red,Poor,108
17375104,The Nacoochee Village Tavern & Pizzeria,Gainesville,"7275 S Main St., Helen, GA 30545",-83.713498,34.691208,"Italian, Pizza, Sandwich",10,1,4,Green,Very Good,161
17557488,Burger Queen Drive In,Lakeview,"109 S F St, Lakeview, OR 97630",-120.3458,42.1885,"Burger, Desserts, Sandwich",10,1,3.6,Yellow,Good,41
17452342,Blue Orchid Thai Restaurant,Lincoln,"129 N 10th St, Lincoln, NE 68508",-96.7072,40.8143,Thai,25,2,4.5,Dark Green,Excellent,799
17501291,Emilio's Cuban Cafe,Macon,"402 Ga. Highway 247, Bonaire, GA 31005",-83.594494,32.567741,"Coffee and Tea, Cuban, Latin American",25,2,3.9,Yellow,Good,146
17500759,Ingleside Village Pizza,Macon,"2395 Ingleside Ave, Macon, GA 31204",-83.657061,32.853896,"Pizza, Sandwich",10,1,4.9,Dark Green,Excellent,478
17500767,Jim Shaw's Seafood Grill & Bar,Macon,"3040 Vineville Ave, Macon, GA 31204",-83.6737,32.8496,Seafood,25,2,4.6,Dark Green,Excellent,467
17500819,Mandarin Chinese Restaurant,Macon,"3086 Riverside Dr, Macon, GA 31210",-83.6766,32.8899,"Chinese, Thai",25,2,4.5,Dark Green,Excellent,302
17500911,Rookery,Macon,"543 Cherry St, Macon, GA 31201",-83.6279,32.8361,"Burger, Desserts, Bar Food",25,2,4.5,Dark Green,Excellent,289
17501439,Dovetail,Macon,"543 Cherry St, Macon, GA 31201",-83.627979,32.83641,,40,3,3.8,Yellow,Good,102
17501279,Bonefish Grill,Macon,"5080 Riverside Dr, Macon, GA 31210",-83.713978,32.929278,"American, Seafood",40,3,4.1,Green,Very Good,293
17500695,Downtown Grill,Macon,"562 Mulberry St, Macon, GA 31201",-83.6276,32.8375,Steak,70,4,4,Green,Very Good,195
17501298,Greek Corner Deli,Macon,"587 Cherry St, Macon, GA 31201",-83.628703,32.83654,"Desserts, Greek, Sandwich",10,1,4.3,Green,Very Good,244
17500847,Natalia's,Macon,"201 North Macon St., Macon, GA 31210",-83.787993,32.928495,"European, Italian, Mediterranean",70,4,4.2,Green,Very Good,379
17500872,Papouli's Mediterranean Cafe & Market,Macon,"121 Tom Hill Sr Blvd, Macon, GA 31210",-83.6873,32.901,"Greek, Mediterranean, Vegetarian",10,1,4.2,Green,Very Good,223
17501315,Benson's Steak and Sushi,Macon,"1289 S Houston Lake Rd, Warner Robins, GA 31088",-83.662421,32.556873,"American, Chinese, Sushi",25,2,3.7,Yellow,Good,243
17501201,My Fathers Place,Macon,"2507 Moody Rd, Warner Robins, GA 31088",-83.624,32.5786,Italian,25,2,3.7,Yellow,Good,104
17501247,Sushi Thai Restaurant,Macon,"2624 Watson Blvd Ste D, Warner Robins, GA 31093",-83.6665,32.6184,"Japanese, Sushi, Thai",10,1,3.7,Yellow,Good,153
17501281,The Mellow Mushroom,Macon,"710 Lake Joy Road, Warner Robins, GA 31088",-83.691044,32.552684,"Pizza, Sandwich, Vegetarian",25,2,3.8,Yellow,Good,323
17501143,El Jalisciense Mexican Restaurant,Macon,"1224 Russell Pkwy, Warner Robins, GA 31088",-83.64935,32.594666,Mexican,10,1,4.1,Green,Very Good,181
17501292,Greek Village,Macon,"1801 Watson Blvd, Warner Robins, GA 31093",-83.636618,32.6176839,"American, Greek, Seafood",25,2,4,Green,Very Good,316
17501308,Martin's BBQ,Macon,"102 S Armed Forces Boulevard, Warner Robins, GA 31088",-83.600201,32.619321,BBQ,25,2,4.2,Green,Very Good,288
17501301,Thai Pepper,Macon,"1806 Russell Parkway, Warner Robins, GA 31088",-83.665557,32.593264,"Japanese, Sushi, Thai",10,1,4,Green,Very Good,232
17501268,Zen Japanese Steakhouse and Sushi Bar,Macon,"4086 Watson Blvd, Warner Robins, GA 31093",-83.7184,32.6147,"Japanese, Steak, Sushi",40,3,4.1,Green,Very Good,314
17482142,Triangle Restaurant,Mc Millan,"21053 State Hwy M28, Mc Millan, MI 49853",-85.7363,46.3718,"Breakfast, Burger",10,1,2.4,Red,Poor,17
17606621,HI Lite Bar & Lounge,Miller,"109 N Broadway Ave, Miller, SD 57362",-98.9891,44.5158,,0,1,3.4,Orange,Average,11
17687832,Vince's Restaurant & Pizzeria,Monroe,"619 4th Ave, Monroe, WI 53566",-89.653487,42.606306,"Italian, Pizza",25,2,3.6,Yellow,Good,65
17534788,The Artesian Restaurant,Ojo Caliente,"Ojo Caliente Mineral Springs Resort And Spa 50 Los Banos Rd, Ojo Caliente, NM 87549",-106.057666,36.313638,"American, International, Southwestern",40,3,3.6,Yellow,Good,30
17061237,Ceví_che Tapas Bar & Restaurant,Orlando,"125 West Church Street, Orlando, FL 32801",-81.381077,28.540432,"Spanish, Tapas",40,3,4.4,Green,Very Good,981
17057397,'Ohana,Orlando,"1600 Seven Seas Drive, Lake Buena Vista, FL 32830",-81.585226,28.405437,Hawaiian,45,3,4.5,Dark Green,Excellent,1151
17058534,Earl of Sandwich,Orlando,"1750 E Buena Vista Drive, Lake Buena Vista, FL 32830",-81.514608,28.372858,"American, Sandwich, Salad",35,3,4.7,Dark Green,Excellent,1341
17060320,Raglan Road Irish Pub and Restaurant,Orlando,"1640 E Buena Vista Drive, Lake Buena Vista, FL 32830",-81.517725,28.371338,Irish,50,4,4.3,Green,Very Good,782
17057925,Cafí© Tu Tu Tango,Orlando,"8625 International Drive, Orlando, FL 32819",-81.469986,28.440344,"New American, Tapas",40,3,4.6,Dark Green,Excellent,1293
17060869,Texas de Brazil,Orlando,"5259 International Drive, Orlando, FL 32819",-81.4510725,28.4676808,"Brazilian, Steak",100,4,4.6,Dark Green,Excellent,2324
17057591,Bahama Breeze Island Grille,Orlando,"8849 International Drive, Orlando, FL 32819",-81.471526,28.437065,Caribbean,45,3,4.3,Green,Very Good,910
17059541,Maggiano's Little Italy,Orlando,"9101 International Drive,Orlando, FL 32819",-81.471447,28.433235,Italian,50,4,4.4,Green,Very Good,886
17064266,Hawkers Asian Street Fare,Orlando,"1103 N Mills Avenue, Orlando, FL 32803",-81.364347,28.560505,"Asian, Thai",35,3,4.6,Dark Green,Excellent,1293
17064405,Tako Cheena by Pom Pom,Orlando,"932 North Mills Avenue, Orlando, FL 32803",-81.364547,28.557845,"Asian, Latin American, Vegetarian",10,1,4.4,Green,Very Good,570
17060516,Seasons 52 Fresh Grill,Orlando,"7700 West Sand Lake Road, Orlando, FL 32819",-81.487978,28.448175,American,60,4,4.4,Green,Very Good,1685
17059012,Hollerbach's Willow Tree Cafí©,Orlando,"205 East 1st Street, Sanford, FL 32771",-81.266871,28.811653,German,40,3,4.8,Dark Green,Excellent,1699
17061296,Pom Pom's Teahouse and Sandwicheria,Orlando,"67 North Bumby Avenue, Orlando, FL 32803",-81.351467,28.543571,"American, Sandwich, Tea",25,2,4.9,Dark Green,Excellent,1457
17061205,Yellow Dog Eats,Orlando,"1236 Hempel Avenue,Gotha, FL 34786",-81.522987,28.527592,"American, BBQ, Sandwich",35,3,4.9,Dark Green,Excellent,1252
17064031,Tibby's New Orleans Kitchen,Orlando,"2203 Aloma Avenue, Winter Park, FL 32792",-81.322631,28.601088,Cajun,25,2,4.7,Dark Green,Excellent,1412
17066603,The Coop,Orlando,"610 W Morse Boulevard, Winter Park, FL 32789",-81.357219,28.597366,"Southern, Cajun, Soul Food",25,2,3.6,Yellow,Good,432
17057797,Bosphorous Turkish Cuisine,Orlando,"108 S Park Ave, Winter Park, FL 32789",-81.3508344,28.5976271,"Mediterranean, Turkish",40,3,4.2,Green,Very Good,568
17061253,Ethos Vegan Kitchen,Orlando,"601-B South New York Avenue, Winter Park, FL 32789",-81.352921,28.592857,"American, Breakfast, Vegetarian",25,2,4.4,Green,Very Good,797
17059060,Hillstone,Orlando,"215 South Orlando Avenue, Winter Park, FL 32789",-81.36526,28.596682,,40,3,4.4,Green,Very Good,1158
17061231,The Ravenous Pig,Orlando,"565 W Fairbanks Avenue, Winter Park, FL 32789",-81.356024,28.593297,Pub Food,40,3,4.4,Green,Very Good,1998
17580453,Cactus Flower Cafe Navarre,Pensacola,"8725 Ortega Park Dr, Navarre, FL 32566",-86.8573393,30.4025979,"Mexican, Southwestern, Tex-Mex",25,2,4.2,Green,Very Good,635
17580142,McGuire's Irish Pub & Brewery,Pensacola,"600 E Gregory Street, Pensacola, FL 32502",-87.2027,30.4179,"Burger, Bar Food, Steak",40,3,4.9,Dark Green,Excellent,2238
17580160,New Yorker Deli & Pizzeria,Pensacola,"3001 E Cervantes St, Pensacola, FL 32503",-87.1819,30.4251,"Italian, Pizza, Sandwich",10,1,4.6,Dark Green,Excellent,792
17580349,Tu-Do Vietnamese Restaurant,Pensacola,"7130 N Davis Hwy, Pensacola, FL 32504",-87.2216,30.4982,"Asian, Vietnamese",10,1,4.5,Dark Green,Excellent,828
17580412,Carrabba's Italian Grill,Pensacola,"311 N 9th Avenue, Pensacola, FL 32502",-87.205855,30.417318,"Italian, Pizza, Seafood",40,3,3.7,Yellow,Good,292
17580590,Jaco's Bayfront Bar and Grille,Pensacola,"997 South Palafox, Pensacola, FL 32502",-87.213274,30.403034,Tapas,25,2,3.9,Yellow,Good,502
17580704,The Tin Cow,Pensacola,"102 S Palafox Pl, Pensacola, FL",-87.2150874,30.4116106,"Burger, Bar Food",25,2,3.7,Yellow,Good,559
17579928,Cactus Flower Cafe,Pensacola,"3425 N 12th Ave, Pensacola, FL 32503",-87.2080932,30.4473322,"Latin American, Mexican, Southwestern",25,2,4.2,Green,Very Good,1268
17579992,Dharma Blue,Pensacola,"300 S Alcaniz Street, Pensacola, FL 32502",-87.2092,30.4101,"Seafood, Sushi",40,3,4.1,Green,Very Good,669
17580030,Global Grill,Pensacola,"27 South Palafox Pl, Pensacola, FL 32501",-87.2153054,30.411878,"European, International, Tapas",40,3,4.4,Green,Very Good,900
17580074,Ichiban,Pensacola,"5555 N Davis Hwy Ste I, Pensacola, FL 32503",-87.2252,30.4767,"Japanese, Sushi",25,2,4.3,Green,Very Good,765
17580020,The Fish House,Pensacola,"600 S Barracks St, Pensacola, FL 32502",-87.211082,30.407358,"American, Seafood, Sushi",40,3,4,Green,Very Good,1270
17580350,Tuscan Oven,Pensacola,"4801 N 9th Ave, Pensacola, FL 32503",-87.214,30.4692,"Italian, Mediterranean, Pizza",25,2,4.1,Green,Very Good,502
17580408,Flounders Chowder House,Pensacola,"800 Quietwater Beach Rd, Pensacola Beach, FL 32561",-87.143,30.3359,Seafood,40,3,3.9,Yellow,Good,724
17579653,Hemingway's Island Grill,Pensacola,"400 Quietwater Beach Rd, Pensacola Beach, FL 32561",-87.142602,30.335521,"Caribbean, Seafood, Steak",40,3,3.5,Yellow,Good,479
17580476,Native Cafe,Pensacola,"45 A Via De Luna Dr, Pensacola Beach, FL 32561",-87.132932,30.334776,"Breakfast, Burger",25,2,4.2,Green,Very Good,591
17580422,Peg Leg Pete's,Pensacola,"1010 Fort Pickens Rd, Pensacola Beach, FL 32561",-87.164376,30.327864,"Burger, Sandwich, Seafood",40,3,4.4,Green,Very Good,1408
17580539,The Grand Marlin,Pensacola,"400 Pensacola Beach Boulevard, Pensacola Beach, FL 32561",-87.149178,30.34262,"Caribbean, Seafood",40,3,4.3,Green,Very Good,905
17580511,Original Georgios Authentic Greek Food,Pensacola,"13310 Merilla Street, Pensacola, FL 32507",-87.4218962,30.3199824,Greek,10,1,4.7,Dark Green,Excellent,816
17580021,Fisherman's Corner,Pensacola,"13486 Perdido Key Dr, Pensacola, FL 32507",-87.427707,30.308468,"Sandwich, Seafood, Cajun",40,3,4.4,Green,Very Good,747
17582467,Rupes Burgers,Pocatello,"302 NE Main St, Blackfoot, ID 83221",-112.3415,43.1903,"Burger, Fast Food",10,1,3.7,Yellow,Good,104
17582668,Texas Roadhouse,Pocatello,"560 Bullock Street, Pocatello, ID 83202",-112.461326,42.910518,"American, BBQ, Steak",45,3,3.5,Yellow,Good,83
17582498,Riverwalk Cafe,Pocatello,"695 E Main St, Lava Hot Springs, ID 83246",-112.0132,42.62,"Asian, Thai",10,1,3.6,Yellow,Good,91
17582499,Royal Hotel,Pocatello,"11 E Main St, Lava Hot Springs, ID 83246",-112.0127,42.6192,"Pizza, Bar Food",0,1,3.6,Yellow,Good,59
17582522,Buddy's Italian Restaurant,Pocatello,"626 E Lewis St, Pocatello, ID 83201",-112.4423,42.8661,"Italian, Pizza, Sandwich",40,3,3.7,Yellow,Good,222
17582524,Butterburrs,Pocatello,"917 Yellowstone Avenue, Pocatello, ID 83201",-112.4516,42.8919,"American, Breakfast",30,3,3.6,Yellow,Good,121
17582527,Chang Garden,Pocatello,"1000 Pocatello Creek Rd Ste W2, Pocatello, ID 83201",-112.441,42.8928,Chinese,10,1,3.5,Yellow,Good,93
17582551,Fifth Street Bagelry,Pocatello,"559 S 5TH Ave, Pocatello, ID 83201",-112.4397,42.8631,"Coffee and Tea, Sandwich",10,1,3.8,Yellow,Good,136
17582558,Goody's Deli,Pocatello,"905 S 5th Ave, Pocatello, ID 83201",-112.4365,42.8604,"Pizza, Sandwich",10,1,3.8,Yellow,Good,160
17582560,Grecian Key Restaurant,Pocatello,"314 N Main St, Pocatello, ID 83204",-112.4524,42.8639,"American, Greek",25,2,3.7,Yellow,Good,152
17582677,Outer Limits Fun Zone,Pocatello,"1800 Garrett Way, Pocatello, ID 83201",-112.459988,42.878077,"Burger, Pizza, Sandwich",10,1,3.5,Yellow,Good,57
17582670,Portneuf Valley Brewing,Pocatello,"615 South 1st Avenue, ID 83201",-112.443213,42.860024,"American, Pizza",25,2,3.7,Yellow,Good,191
17582625,Sandpiper Restaurant & Lounge,Pocatello,"1400 Bench Rd, Pocatello, ID 83201",-112.432,42.9012,"American, Seafood, Steak",40,3,3.6,Yellow,Good,85
17582627,Senor Iguanas,Pocatello,"961 Hiline Rd, Pocatello, ID 83201",-112.4433,42.8942,Mexican,0,1,3.6,Yellow,Good,108
17582700,Sushi Family,Pocatello,"415 Yellowstone Ave, Pocatello, ID 83201",-112.452013,42.88245,"Asian, Sushi, Vegetarian",25,2,3.6,Yellow,Good,132
17582664,Taste of India Nepal,Pocatello,"330 N Main Street, Pocatello, ID 83204",-112.45253,42.863969,"Indian, International, Vegetarian",25,2,3.8,Yellow,Good,141
17582682,Thai Paradise,Pocatello,"140 S. Main, Pocatello, ID 83204",-112.450106,42.861871,"Desserts, Thai",25,2,3.7,Yellow,Good,162
17582669,The Bridge,Pocatello,"815 S 1st Street, Pocatello, ID 83201",-112.4413856,42.8585987,New American,40,3,3.6,Yellow,Good,144
18491935,Nosh Mahal,Pocatello,"303 E Alameda Road, ID 83201",-112.44853,42.891174,"Indian, Persian",25,2,0,White,Not rated,1
17582546,El Herradero,Pocatello,"123 Jefferson Ave, Pocatello, ID 83201",-112.4419,42.8774,Mexican,10,1,4.1,Green,Very Good,365
17629582,Barrett Junction Cafe,Potrero,"1020 Barrett Lake Rd, Dulzura, CA 91917",-116.704731,32.613431,"American, BBQ, Burger",25,2,3.3,Orange,Average,9
17211719,Blue Point Grill,Princeton,"258 Nassau St, Princeton, NJ 08542",-74.651139,40.352385,Seafood,70,4,4,Green,Very Good,542
17144717,Giovanni's Shrimp Truck,Rest of Hawaii,"56-505 Kamehameha Hwy, Kahuku, HI 96731",-157.948486,21.677078,Seafood,25,2,4.5,Dark Green,Excellent,691
17143970,Kona Brewing Company,Rest of Hawaii,"75-5629 Kuakini Highway, Kailua Kona, HI 96740",-155.997362,19.642752,"American, Pizza, Bar Food",35,3,4.7,Dark Green,Excellent,764
17142698,Leonard's Bakery,Rest of Hawaii,"933 Kapahulu Ave, Honolulu, HI 96816",-157.813432,21.284586,,10,1,4.7,Dark Green,Excellent,707
17144991,Coconuts Fish Cafe,Rest of Hawaii,"1279 S Kihei Road, Kihei, HI 96753",-156.455284,20.748838,Seafood,30,3,4.5,Dark Green,Excellent,487
17142519,Kihei Caffe,Rest of Hawaii,"1945 S Kihei Road, Kihei, HI 96753",-156.451847,20.731487,"American, Hawaiian",10,1,4.5,Dark Green,Excellent,695
17145408,Monkeypod Kitchen by Merriman,Rest of Hawaii,"10 Wailea Gateway Place, Unit B-201 Kihei, Hawaii, HI 96753",-156.4309473,20.6883746,Burger,40,3,4.2,Green,Very Good,485
17143336,Sansei Seafood Restaurant & Sushi Bar,Rest of Hawaii,"1881 S Kihei Rd, Kihei, HI 96753",-156.452556,20.733554,"Japanese, Seafood, Sushi",40,3,4.2,Green,Very Good,807
17145077,Star Noodle,Rest of Hawaii,"286 Kupuohi St, Lahaina, HI 96761",-156.674835,20.885226,Asian,10,1,4.6,Dark Green,Excellent,723
17141447,Aloha Mixed Plate,Rest of Hawaii,"1285 Front St, Lahaina, HI 96761",-156.684967,20.886564,"Asian, Breakfast, Hawaiian",10,1,4.2,Green,Very Good,874
17142096,Gazebo,Rest of Hawaii,"5315 Lower Honoapiilani Rd, Lahaina, HI 96761",-156.667037,20.992316,"Breakfast, Burger",25,2,4.4,Green,Very Good,552
17142297,Hula Grill,Rest of Hawaii,"2435 Kaanapali Pkwy, Lahaina, HI 96761",-156.693821,20.921347,"Hawaiian, Seafood, Steak",40,3,4.3,Green,Very Good,1056
17142535,Kimo's,Rest of Hawaii,"845 Front St, Lahaina, HI 96761",-156.680666,20.876127,"Hawaiian, Seafood, Steak",40,3,4.3,Green,Very Good,707
17142792,Mama's Fish House,Rest of Hawaii,"799 Poho Pl, Paia, HI 96779",-156.366445,20.929622,"Hawaiian, Seafood",70,4,4.9,Dark Green,Excellent,1343
17145495,Marukame Udon,Rest of Hawaii,"2310 Kuhio Avenue, Honolulu, HI 96815",-157.825979,21.279476,Japanese,10,1,4.9,Dark Green,Excellent,602
17143950,Yard House,Rest of Hawaii,"226 Lewers St, Honolulu, HI 96815",-157.8312476,21.2794952,"American, Asian, Burger",40,3,4.6,Dark Green,Excellent,1078
17142747,Lulu's Waikiki,Rest of Hawaii,"2586 Kalakaua Ave, Honolulu, HI 96815",-157.822716,21.271826,American,25,2,3.9,Yellow,Good,232
17141990,Duke's Waikiki,Rest of Hawaii,"2335 Kalakaua Ave, Honolulu, HI 96815",-157.827196,21.277583,"Hawaiian, Seafood, Steak",70,4,4.4,Green,Very Good,1492
17144732,Eggs 'n Things,Rest of Hawaii,"343 Saratoga Road, Honolulu, HI 96815",-157.831538,21.280663,Breakfast,10,1,4,Green,Very Good,535
17143282,Roy's,Rest of Hawaii,"226 Lewers St, Honolulu, HI 96815",-157.831176,21.279154,"Asian, European, Seafood",70,4,4.2,Green,Very Good,531
17143705,Wailana Coffee House,Rest of Hawaii,"1860 Ala Moana Blvd, Honolulu, HI 96815",-157.836031,21.285396,"American, Breakfast, Hawaiian",25,2,4.2,Green,Very Good,694
17615915,The Lady & Sons,Savannah,"102 W Congress St, Savannah, GA 31401",-81.0954,32.0804,Southern,40,3,3.3,Orange,Average,1201
17616487,Green Truck Pub,Savannah,"2430 Habersham Street, Savannah, GA 31401",-81.096647,32.052858,Burger,40,3,4.7,Dark Green,Excellent,906
17615924,Leopold's Ice Cream,Savannah,"212 E Broughton Street, Savannah, GA 31401",-81.0894,32.0785,"Desserts, Sandwich, Ice Cream",10,1,4.6,Dark Green,Excellent,880
17615979,Mrs. Wilkes' Dining Room,Savannah,"107 W Jones St, Savannah, GA 31401",-81.0955,32.0727,"American, Southern",40,3,4.5,Dark Green,Excellent,1014
17616266,Zunzi's,Savannah,"108 E York Street, Savannah, GA 31401",-81.0911,32.0775,"International, Mediterranean, Sandwich",25,2,4.5,Dark Green,Excellent,796
17615976,Moon River Brewing Company,Savannah,"21 W Bay St, Savannah, GA 31401",-81.0916,32.0809,"American, Bar Food, Sandwich",25,2,3.7,Yellow,Good,747
17616025,Pirates' House Restaurant,Savannah,"20 E Broad St, Savannah, GA 31401",-81.0844,32.0782,"American, Seafood, Steak",40,3,3.8,Yellow,Good,566
17615597,B. Matthew's Eatery,Savannah,"325 E Bay St, Savannah, GA 31401",-81.0875,32.0798,"American, Breakfast",25,2,4.1,Green,Very Good,683
17615740,Crystal Beer Parlor,Savannah,"301 W Jones St, Savannah, GA 31401",-81.0979,32.0735,"American, Bar Food",25,2,4.4,Green,Very Good,690
17616203,Goose Feathers Cafe and Bakery,Savannah,"39 Barnard St, Savannah, GA 31401",-81.0941,32.0801,"Breakfast, Vegetarian",10,1,4.2,Green,Very Good,680
17616590,Henry's,Savannah,"28 Drayton St, Savannah, GA 31401",-81.0905213,32.0794767,"American, Breakfast",10,1,4.1,Green,Very Good,287
17615855,Huey's On The River,Savannah,"115 E River St, Savannah, GA 31401",-81.0897,32.0812,"Breakfast, Cajun",40,3,4.1,Green,Very Good,802
17616348,J. Christopher's,Savannah,"122 E. Liberty, Savannah, GA 31401",-81.091482,32.074495,"Breakfast, Diner, Sandwich",25,2,4.3,Green,Very Good,710
17616368,Lulu's Chocolate Bar,Savannah,"42 MLK Jr. Blvd, Savannah, GA 31401",-81.097051,32.080742,"Coffee and Tea, Desserts",10,1,4.3,Green,Very Good,456
17616400,Rocks on the River,Savannah,"102 West Bay St., Savannah, GA 31401",-81.092484,32.081394,"Pizza, Seafood, Steak",70,4,4,Green,Very Good,687
17616076,SOHO South Cafe,Savannah,"12 W Liberty St, Savannah, GA 31401",-81.0939,32.0747,"Cafe, Sandwich, Southern",25,2,4.3,Green,Very Good,719
17616205,The Olde Pink House,Savannah,"23 Abercorn St, Savannah, GA 31401",-81.0897,32.0798,"American, Seafood, Southern",70,4,4.4,Green,Very Good,1803
17616222,Vic's On The River,Savannah,"26 E Bay St, Savannah, GA 31401",-81.0908,32.0809,American,70,4,4.1,Green,Very Good,558
17616295,The Crab Shack,Savannah,"40 Estill Hammock Rd, Tybee Island, GA 31328",-80.865909,32.011689,Seafood,40,3,3.8,Yellow,Good,883
17616465,Tybee Island Social Club,Savannah,"1311 Butler Ave, Tybee Island, GA 31328",-80.848297,31.99581,,10,1,3.9,Yellow,Good,309
17621616,Archie's Waeside,Sioux City,"224 4th Ave NE, Le Mars, IA 51031",-96.1608,42.7956,"Burger, Seafood, Steak",40,3,3.7,Yellow,Good,100
17621696,Bob Roe's Pizza,Sioux City,"2320 Transit Ave, Sioux City, IA 51106",-96.379,42.4765,"American, Pizza, Bar Food",10,1,3.6,Yellow,Good,92
17621744,Da Kao Restaurant,Sioux City,"800 W 7th St, Sioux City, IA 51103",-96.4173,42.5026,"Asian, Vegetarian, Vietnamese",10,1,3.8,Yellow,Good,182
17621759,Famous Dave's,Sioux City,"201 Pierce St, Sioux City, IA 51101",-96.4051,42.492,BBQ,10,1,3.6,Yellow,Good,76
17621763,Fuji Bay Japanese Restaurant,Sioux City,"513 6th St, Sioux City, IA 51101",-96.4046,42.4965,"Japanese, Sushi",40,3,3.7,Yellow,Good,129
17621780,HuHot Mongolian Grill,Sioux City,"4229 S Lakeport St, Sioux City, IA 51106",-96.3479,42.4391,"Asian, Chinese",25,2,3.6,Yellow,Good,94
17621781,Hunan Palace,Sioux City,"3523 Singing Hills Blvd, Sioux City, IA 51106",-96.362,42.4375,Chinese,25,2,3.8,Yellow,Good,129
17621788,Jerry's Pizza,Sioux City,"1417 Morningside Ave, Sioux City, IA 51106",-96.3596,42.4764,Pizza,25,2,3.8,Yellow,Good,178
17621793,Jim's Burgers,Sioux City,"800 Pierce St, Sioux City, IA 51101",-96.4048,42.4985,Burger,10,1,3.7,Yellow,Good,97
17621796,Johnnie Mars,Sioux City,"2401 5th St, Sioux City, IA 51101",-96.378049,42.495534,"American, Desserts, Diner",10,1,3.9,Yellow,Good,161
17621831,Miles Inn,Sioux City,"2622 Leech Ave, Sioux City, IA 51106",-96.3755,42.4876,American,10,1,3.7,Yellow,Good,122
17621832,Milwaukee Wiener House,Sioux City,"301 Douglas St, Sioux City, IA 51101",-96.4063904,42.4930681,"American, Fast Food",10,1,3.8,Yellow,Good,195
17621833,Minerva's Food & Cocktails,Sioux City,"2945 Hamilton Blvd, Sioux City, IA 51104",-96.418,42.5212,"American, Seafood, Steak",40,3,3.7,Yellow,Good,146
17621834,Monterrey Mexican Restaurant,Sioux City,"3138 Singing Hills Blvd, Sioux City, IA 51106",-96.3691,42.4351,Mexican,10,1,3.7,Yellow,Good,117
17621869,Rebos,Sioux City,"1107 4th St, Sioux City, IA 51101",-96.3959487,42.4944454,"Caribbean, Mexican, Cajun",25,2,3.8,Yellow,Good,187
17621960,Tokyo Japanese Steakhouse & Sushi Bar,Sioux City,"4567 Southern Hills Drive, Sioux City, IA 51106",-96.349464,42.440592,"Japanese, Steak, Sushi",40,3,3.9,Yellow,Good,239
17621746,Diamond Thai Cuisine,Sioux City,"515 W 7th St, Sioux City, IA 51103",-96.4136,42.5011,"Asian, Thai, Vegetarian",10,1,4,Green,Very Good,303
17621755,El Fredo Pizza,Sioux City,"523 W 19th St, Sioux City, IA 51103",-96.4204,42.5106,Pizza,40,3,4,Green,Very Good,280
17621946,Trattoria Fresco,Sioux City,"416 Jackson St., Sioux City, IA 51101",-96.4019631,42.4949153,Italian,25,2,4,Green,Very Good,271
17621552,Kahill's Steak-Fish Chophouse,Sioux City,"385 E 4th St, South Sioux City, IA 68776",-96.4092028,42.485608,"American, Seafood, Steak",70,4,3.5,Yellow,Good,58
17096140,Rumba Island Bar & Grill,Tampa Bay,"1800 Gulf To Bay Blvd, Clearwater, FL 33765",-82.762624,27.96076,"BBQ, Caribbean, Seafood",25,2,4.6,Dark Green,Excellent,1321
17099925,Red Mesa Cantina,Tampa Bay,"128 3rd St S, St Petersburg, FL 33701",-82.636924,27.770026,"Latin American, Mexican, Southwestern",25,2,4.6,Dark Green,Excellent,1629
17092257,BellaBrava,Tampa Bay,"204 Beach Drive Northeast, St Petersburg, FL 33701",-82.6329663,27.7737426,"American, Italian, Seafood",25,2,4.1,Green,Very Good,921
17092799,Ceviche Tapas Bar & Restaurant,Tampa Bay,"10 Beach Dr, St Petersburg, FL 33701",-82.6333294,27.7711464,"Spanish, Tapas",25,2,4.1,Green,Very Good,986
17095222,The Moon Under Water,Tampa Bay,"332 Beach Dr NE, St Petersburg, FL 33701",-82.632174,27.775462,"British, Bar Food, Sandwich",25,2,4.1,Green,Very Good,1020
17092293,Bern's Steak House,Tampa Bay,"1208 S Howard Ave, Tampa, FL 33606",-82.482962,27.931516,"American, Desserts, Steak",70,4,4.7,Dark Green,Excellent,3157
17102241,Boca Kitchen Bar Market,Tampa Bay,"901 W. Platt St., Tampa, FL 33606",-82.46887,27.941942,Breakfast,40,3,3.9,Yellow,Good,665
17102579,Edison: Food+Drink Lab,Tampa Bay,"912 W Kennedy Blvd, Tampa, FL 33606",-82.469306,27.944244,International,70,4,3.9,Yellow,Good,373
17092801,Ceviche Tapas Bar & Restaurant,Tampa Bay,"2500 W Azeele St, Tampa, FL 33609",-82.4852372,27.9410382,"Breakfast, Spanish, Tapas",25,2,4.4,Green,Very Good,1007
17093273,Daily Eats,Tampa Bay,"901 S Howard Avenue, Tampa, FL 33606",-82.483124,27.935039,"American, Burger",25,2,4.4,Green,Very Good,803
17096198,Salt Rock Grill,Tampa Bay,"19325 Gulf Blvd, Indian Shores, FL 33785",-82.843253,27.848357,"American, Seafood, Steak",40,3,4.2,Green,Very Good,1363
17095098,Mazzaro's Italian Market,Tampa Bay,"2909 22nd Ave N, St Petersburg, FL 33713",-82.673621,27.792047,"Italian, Deli",10,1,4.9,Dark Green,Excellent,1424
17093135,Conch Republic Grill,Tampa Bay,"16699 Gulf Blvd, North Redington Beach, FL 33708",-82.820856,27.816086,"Sandwich, Seafood, Steak",40,3,4.5,Dark Green,Excellent,844
17095236,Mr. Dunderbak's Biergarten and Marketplatz,Tampa Bay,"14929 Bruce B Downs Blvd, Tampa, FL 33612",-82.41294,28.082909,"European, German",40,3,4.9,Dark Green,Excellent,1413
17095979,Red Mesa Restaurant,Tampa Bay,"4912 4th St N, St Petersburg, FL 33703",-82.638843,27.816848,"Breakfast, Mexican",40,3,4.5,Dark Green,Excellent,1203
17099856,Datz,Tampa Bay,"2616 S Macdill Avenue, Tampa, FL 33629",-82.4932815,27.9219315,"Desserts, Bar Food",40,3,4.7,Dark Green,Excellent,3074
17100307,Ella's Americana Folk Art Cafe,Tampa Bay,"5119 N Nebraska Ave, Tampa, FL 33603",-82.451041,27.993645,"International, Italian, Southern",40,3,4.8,Dark Green,Excellent,1715
17093600,Taco Bus,Tampa Bay,"913 E Hillsborough Ave, Tampa, FL 33604",-82.449897,27.995964,"Mexican, Vegetarian",10,1,4.5,Dark Green,Excellent,1868
17100547,The Refinery,Tampa Bay,"5137 N. Florida Ave., Tampa, FL 33603",-82.459339,27.99384,"Seafood, Steak",40,3,4,Green,Very Good,875
17093124,Columbia Restaurant,Tampa Bay,"2117 E 7th Ave, Tampa, FL 33605",-82.4351499,27.959884,"Cuban, Spanish",40,3,4.4,Green,Very Good,1746
17678243,Buffalo Wild Wings,Valdosta,"1553 Baytree Rd., Valdosta, GA 31602",-83.319123,30.846819,Bar Food,25,2,3.4,Orange,Average,98
17678043,El Toreo Mexican Restaurant,Valdosta,"1713 Gornto Rd, Valdosta, GA 31601",-83.3247,30.8426,Mexican,25,2,3.1,Orange,Average,83
17677978,306 North Restaurant,Valdosta,"306 N Patterson St, Valdosta, GA 31601",-83.2799,30.8332,"Seafood, Southern",40,3,3.9,Yellow,Good,231
17677988,Austins Cattle Co,Valdosta,"2101 W Hill Ave, Valdosta, GA 31601",-83.3170843,30.8164364,"Burger, Seafood, Steak",40,3,3.7,Yellow,Good,216
17678231,Beijing Cafe,Valdosta,"1715 C Norman Drive, Valdosta, GA 31601",-83.318554,30.841892,"Asian, Chinese, Thai",35,3,3.8,Yellow,Good,185
17677990,Bleu Cafe,Valdosta,"125 N Patterson St, Valdosta, GA 31601",-83.279,30.8308,"Pizza, Sandwich",25,2,3.7,Yellow,Good,185
17677991,Bleu Pub,Valdosta,"116 W Hill Ave, Valdosta, GA 31601",-83.2792,30.8308,"Burger, Bar Food, Vegetarian",10,1,3.8,Yellow,Good,281
17678307,Bubba Jax Crab Shack,Valdosta,"1700 W Hill Ave, Valdosta, GA 31601",-83.3085736,30.8223548,"Fast Food, Seafood",40,3,3.7,Yellow,Good,137
17678276,Cheddar's Scratch Kitchen,Valdosta,"270 Norman Drive, Valdosta, GA 31601",-83.316402,30.824691,American,25,2,3.7,Yellow,Good,209
17678283,El Cazador,Valdosta,"1600 N. Ashley St., Valdosta, GA 31602",-83.28078,30.850888,Mexican,10,1,3.7,Yellow,Good,168
17678222,Friends Grille and Bar,Valdosta,"3338-B Country Club Rd, GA 31605",-83.29633,30.880146,"American, Southern",25,2,3.9,Yellow,Good,243
17678055,Giulios Greek & Italian Restaurant,Valdosta,"105 E Ann St, Valdosta, GA 31601",-83.2851,30.8433,"Greek, Italian",40,3,3.8,Yellow,Good,221
17678326,La Jalisco Supermercato,Valdosta,"1300 N. Ashley St., Valdosta, GA 31601",-83.281,30.8465,Mexican,10,1,3.5,Yellow,Good,46
17678229,Masato Japanese,Valdosta,"1337 Baytree Rd, Valdosta, GA 31602",-83.310343,30.846763,"Japanese, Sushi",25,2,3.9,Yellow,Good,262
17678097,Mom & Dad's Italian Restaurant,Valdosta,"4143 N Valdosta Rd, Valdosta, GA 31602",-83.3283,30.8971,Italian,25,2,3.7,Yellow,Good,183
17678216,Mori's Japanese Steakhouse & Sushi Bar,Valdosta,"1709 Norman Dr, Valdosta, GA 31601",-83.318958,30.841547,"Japanese, Steak, Sushi",70,4,3.5,Yellow,Good,208
17678233,Passage 2 India,Valdosta,"2910 N Ashley St Ste E, Valdosta, GA 31602",-83.289338,30.87114,"Indian, Middle Eastern",25,2,3.8,Yellow,Good,245
17678148,Rodeo Mexican Restaurant,Valdosta,"2801 N Ashley St, Valdosta, GA 31602",-83.2868,30.868,Mexican,25,2,3.8,Yellow,Good,199
17678291,Steel Magnolias,Valdosta,"132 N. Patterson St, Valdosta, GA 31601",-83.2796,30.8316,Southern,40,3,3.8,Yellow,Good,225
17678218,Smok'n Pig B-B-Q,Valdosta,"4228 N Valdosta Rd, Valdosta, GA 31602",-83.332796,30.897087,BBQ,25,2,4.1,Green,Very Good,575
17558738,Blue House Cafe,Vernonia,"919 Bridge St, Vernonia, OR 97064",-123.1954368,45.858667,"Coffee and Tea, Mediterranean",10,1,4.3,Green,Very Good,88
17697444,Masala Grill & Coffee House,Waterloo,"911 W 23rd St, Cedar Falls, IA 50613",-92.456343,42.516908,"Indian, Middle Eastern",10,1,3.2,Orange,Average,18
17696871,Brown Bottle The Cedar Falls,Waterloo,"1111 Center St, Cedar Falls, IA 50613",-92.4507,42.5464,"Italian, Pizza, Vegetarian",25,2,3.7,Yellow,Good,134
17696891,Four Queens Dairy Cream,Waterloo,"1310 W 1st St, Cedar Falls, IA 50613",-92.4599,42.5377,Desserts,10,1,3.9,Yellow,Good,190
17696901,Hong Kong Chinese Restaurant,Waterloo,"6306 University Ave, Cedar Falls, IA 50613",-92.4322,42.5133,Chinese,10,1,3.8,Yellow,Good,136
17697384,HuHot Mongolian Grill,Waterloo,"6301 University Ave, Cedar Falls, IA 50613",-92.432177,42.512646,"Asian, Chinese",25,2,3.7,Yellow,Good,113
17697417,J's Homestyle Cooking,Waterloo,"1724 West 31st Street, Cedar Falls, IA 50613",-92.466597,42.509472,"American, Breakfast",10,1,3.6,Yellow,Good,69
17696918,Montage,Waterloo,"222 Main St, Cedar Falls, IA 50613",-92.4453,42.5366,"American, Italian, Seafood",40,3,3.6,Yellow,Good,89
17696920,Mulligan's Brick Oven Grill,Waterloo,"205 E 18th St, Cedar Falls, IA 50613",-92.444,42.5219,"Burger, Pizza, Sandwich",25,2,3.6,Yellow,Good,80
17697398,Sakura,Waterloo,"5719 university avenue, Cedar Falls, IA 50613",-92.426215,42.51259,"Japanese, Sushi",40,3,3.8,Yellow,Good,175
17697406,Scratch,Waterloo,"315 Main St, Cedar Falls, IA 50613",-92.4457417,42.5354081,"Coffee and Tea, Desserts, Beverages",10,1,3.7,Yellow,Good,136
17696941,SOHO Sushi Bar & Deli,Waterloo,"119 Main St, Cedar Falls, IA 50613",-92.4457,42.5375,"Sandwich, Sushi, Tapas",25,2,3.6,Yellow,Good,114
17696955,Texas Roadhouse,Waterloo,"5715 University Ave, Cedar Falls, IA 50613",-92.4291,42.5127,"American, BBQ, Steak",25,2,3.6,Yellow,Good,93
17696957,Tony's La Pizzeria,Waterloo,"407 Main St, Cedar Falls, IA 50613",-92.445723,42.53489,"Pizza, Sandwich",25,2,3.6,Yellow,Good,89
17697418,Chapala,Waterloo,"900 La Porte Road, Waterloo, IA 50702",-92.323032,42.477281,Mexican,25,2,3.6,Yellow,Good,69
17697386,Galleria de Paco,Waterloo,"622 Commercial Street, Waterloo, IA 50701",-92.339721,42.494908,American,40,3,3.6,Yellow,Good,86
17697224,Golden China,Waterloo,"106 Brookridge Dr, IA 50702",-92.356066,42.458979,Chinese,10,1,3.7,Yellow,Good,73
17697304,Rudy's Tacos,Waterloo,"2401 Falls Avenue, IA 50701",-92.3772,42.499705,Mexican,25,2,3.6,Yellow,Good,104
17697389,The Screaming Eagle,Waterloo,"228 E 4th St., Waterloo, IA 50703",-92.335523,42.4984,"American, Bar Food",10,1,3.7,Yellow,Good,101
17697424,The Thai Bowl,Waterloo,"624 Sycamore Street, Waterloo, IA 50703",-92.335769,42.497919,Thai,10,1,3.5,Yellow,Good,58
17697332,Tokyo Japanese Steak House,Waterloo,"1931 Sears Street, Waterloo, IA 50702",-92.3234,42.46558,"Japanese, Steak, Sushi",25,2,3.9,Yellow,Good,156
17694056,Theo Yianni's Authentic Greek Restaurant,Weirton,"322 American Way, Weirton, WV 26062",-80.529488,40.396043,"Burger, Greek, Sandwich",25,2,3.9,Yellow,Good,156
17559793,Fishpatrick's Crabby Cafe,Winchester Bay,"196 Bayfront Loop, Winchester Bay, OR 97467",-124.175346,43.678998,"Burger, Seafood, Steak",25,2,3.2,Orange,Average,16